{"class_0_accuracy": 0.5274725274725275, "_timestamp": 1718313429.7632384, "_runtime": 2226.032839536667, "_step": 49, "class_1_accuracy": 0.42203389830508475, "class_2_accuracy": 0.6666666666666666, "class_3_accuracy": 1.0, "epoch": 10, "loss": 2.7457953092380193e-05, "accuracy": 46.875, "epoch_duration": 368.4249749183655}