{"epoch": 10, "loss": 0.12352, "accuracy": 40.5, "epoch_duration": 32.27709603309631, "recall": 0.40418745922508786, "_timestamp": 1718916303.1037395, "_runtime": 566.9491565227509, "_step": 11, "test_accuracy": 37.0, "test_recall": 0.34857219811320317, "loss_history": {"_type": "image-file", "sha256": "912681a267fe0393806b5a2b15c246ccbc3f0d05b9a1c6691d30d810b6580787", "size": 25670, "path": "media/images/loss_history_11_912681a267fe0393806b.png", "format": "png", "width": 640, "height": 480}}