{"epoch": 3, "loss": 0.047732391953468324, "accuracy": 80.83333333333333, "epoch_duration": 45.2434618473053, "_timestamp": 1718041149.8258445, "_runtime": 144.90859842300415, "_step": 2, "_wandb": {"runtime": 166}}