{"epoch": 10, "loss": 0.03662344738841057, "accuracy": 82.96875, "epoch_duration": 128.37301635742188, "_timestamp": 1718297346.1833868, "_runtime": 1295.1176948547363, "_step": 9, "_wandb": {"runtime": 1294}}