{"epoch": 10, "loss": 0.051217769272625446, "accuracy": 89.6875, "epoch_duration": 123.23134684562683, "_timestamp": 1718300328.4209485, "_runtime": 1255.3514285087585, "_step": 9, "_wandb": {"runtime": 1254}}