{"epoch": 4, "loss": 0.13082000000000005, "accuracy": 40.75, "epoch_duration": 798.3006463050842, "recall": 0.3884326515692004, "_timestamp": 1718912386.3412595, "_runtime": 5461.960310459137, "_step": 3}