{"class_0_accuracy": 0.0, "_timestamp": 1718711714.2897844, "_runtime": 858.1162443161011, "_step": 24, "class_1_accuracy": 0.2135593220338983, "class_2_accuracy": 0.0, "class_3_accuracy": 0.25, "epoch": 5, "loss": 0.21372441425919533, "accuracy": 19.84375, "epoch_duration": 168.013742685318}