{"class_0_accuracy": 0.0, "_timestamp": 1718711546.2755516, "_runtime": 690.1020114421844, "_step": 19, "class_1_accuracy": 0.17457627118644067, "class_2_accuracy": 0.0, "class_3_accuracy": 0.75, "epoch": 4, "loss": 0.22976731061935424, "accuracy": 8.75, "epoch_duration": 169.92470860481262}