{"class_0_accuracy": 0.0, "_timestamp": 1718712640.2954957, "_runtime": 1784.1219556331635, "_step": 50, "class_1_accuracy": 0.7254237288135593, "class_2_accuracy": 0.0, "class_3_accuracy": 0.0, "epoch": 10, "loss": 0.307567074149847, "accuracy": 58.4375, "epoch_duration": 168.89054155349731, "confusion_matrix_table": {"_type": "table-file", "sha256": "3e2179148e681eff157ef64e7870096a89ecddcccee14f2170c47278a87bcaee", "size": 522, "artifact_path": "wandb-client-artifact://1jncezbkjxte3esw1o2dlrrgqey5yk9h7z76a1ub457wyq8dgxi3mqr6mn016bd7zpbt8nzhvffc0p7vbh8509rmvcfmokbiuey9lcugm0neh61uepp24k9yrdj13nn9/confusion_matrix_table.table.json", "_latest_artifact_path": "wandb-client-artifact://g1uy4qddy730woa54kbwdncbz0wo09uvpwlpq6l2nlwbvalzvz7icwsjs7h04fi1gl8ortnla076dn9yuvcriyeoxwru28c5dx69zne5xe8vxlo4nh7syw0v6fleftaq:latest/confusion_matrix_table.table.json", "path": "media/table/confusion_matrix_table_50_3e2179148e681eff157e.table.json", "ncols": 3, "nrows": 16}}