{"epoch": 10, "loss": 0.143, "accuracy": 5.0, "epoch_duration": 48.646737813949585, "recall": 0.25, "class_accuracy": {"noevent": 0.0, "challenge": 100.0, "play": 0.0, "throwin": 0.0}, "_timestamp": 1718828499.97862, "_runtime": 608.7174370288849, "_step": 12, "test_accuracy": 5.0, "test_recall": 0.25, "test_class_accuracy": {"noevent": 0.0, "throwin": 0.0, "play": 0.0, "challenge": 100.0}, "loss_history": {"_type": "image-file", "sha256": "21ed9128938ad8cb7e7ab5ee81d330e6258f3bdd1d91ccfef9fc80a790d71d32", "size": 42732, "path": "media/images/loss_history_11_21ed9128938ad8cb7e7a.png", "format": "png", "width": 640, "height": 480}, "accuracy_history": {"_type": "image-file", "sha256": "fbe1d777f75361db94772f0049dddfe4cd69a3076485a6fa158aa324ee72ef62", "size": 41979, "path": "media/images/accuracy_history_12_fbe1d777f75361db9477.png", "format": "png", "width": 640, "height": 480}}