{"epoch": 10, "loss": 0.12039107941091061, "accuracy": 87.34375, "epoch_duration": 169.94518280029297, "_timestamp": 1718299057.7540352, "_runtime": 1698.2349421977997, "_step": 9, "_wandb": {"runtime": 1697}}