{"class_0_accuracy": 0.7472527472527473, "_timestamp": 1718703396.7689052, "_runtime": 2280.174352169037, "_step": 49, "class_1_accuracy": 0.20847457627118643, "class_2_accuracy": 0.0, "class_3_accuracy": 0.25, "epoch": 10, "loss": 3.3797849573602436e-05, "accuracy": 27.96875, "epoch_duration": 181.31307196617126}