{"class_0_accuracy": 0.7472527472527473, "_timestamp": 1718703639.4014976, "_runtime": 2522.8069446086884, "_step": 50, "class_1_accuracy": 0.20847457627118643, "class_2_accuracy": 0.0, "class_3_accuracy": 0.25, "epoch": 10, "loss": 3.3797849573602436e-05, "accuracy": 27.96875, "epoch_duration": 181.31307196617126, "confusion_matrix_table": {"_type": "table-file", "sha256": "e70c59e37734ed889c16949fb0838c99a33ccd98bb1621b1555e5e1562634ace", "size": 522, "artifact_path": "wandb-client-artifact://t0x7u28f664kj0bomvvla2beu1wvjnec4oa83iyqbmx1a6od7hjtz8prg3sx2k66mptaeq8dic13nx6t7j7ww2qhbq90dzspnpvk2uwcn7b7j5n5thqg7fce6os07u2d/confusion_matrix_table.table.json", "_latest_artifact_path": "wandb-client-artifact://fbrohhcw3qp2vbdtvkvx91kyjjdytrx0w736zvy3vj9soomofdqbv948wkiloxgeweejemx263ki06j4y05x939ttpds0yw4hkns9hk0twkq77fcxel98kj0pacb03tp:latest/confusion_matrix_table.table.json", "path": "media/table/confusion_matrix_table_50_e70c59e37734ed889c16.table.json", "ncols": 3, "nrows": 16}}