{"epoch": 9, "loss": 0.22249999999999998, "accuracy": 18.75, "epoch_duration": 46.471073389053345, "recall": 0.25, "_timestamp": 1718879338.8679695, "_runtime": 680.2269616127014, "_step": 8}