{"epoch": 10, "loss": 0.18175000000000002, "accuracy": 37.5, "epoch_duration": 14.059863567352295, "recall": 0.3856788255806318, "_timestamp": 1718905262.474455, "_runtime": 284.59483218193054, "_step": 12, "test_accuracy": 51.0, "test_recall": 0.42212465446343844, "loss_history": {"_type": "image-file", "sha256": "f7aff644d9d0dd8b6aade6762a7951d13d1e87f57233d3fa16b1048914dd59fc", "size": 48617, "path": "media/images/loss_history_11_f7aff644d9d0dd8b6aad.png", "format": "png", "width": 640, "height": 480}, "accuracy_history": {"_type": "image-file", "sha256": "4bdef2c2c7a92a2ced332aeecd0912f7050e12d735386e01f8233899eac1532a", "size": 44536, "path": "media/images/accuracy_history_12_4bdef2c2c7a92a2ced33.png", "format": "png", "width": 640, "height": 480}}