{"class_0_accuracy": 0.9821428571428571, "_timestamp": 1718309792.8717968, "_runtime": 1153.4189808368683, "_step": 39, "class_1_accuracy": 0.4388888888888889, "class_2_accuracy": 1.0, "class_3_accuracy": 1.0, "epoch": 8, "loss": 4.9908071076743e-06, "accuracy": 85.14285714285714, "epoch_duration": 138.00290846824646, "_wandb": {"runtime": 1152}}