{"class_0_accuracy": 0.9835164835164835, "_timestamp": 1718310926.9657383, "_runtime": 1120.9219763278961, "_step": 39, "class_1_accuracy": 0.5664739884393064, "class_2_accuracy": 1.0, "class_3_accuracy": 1.0, "epoch": 8, "loss": 2.6724030490754558e-06, "accuracy": 88.85714285714286, "epoch_duration": 146.40308666229248, "_wandb": {"runtime": 1120}}