{"class_0_accuracy": 0.9675675675675676, "_timestamp": 1718312031.7687392, "_runtime": 1095.8188331127167, "_step": 39, "class_1_accuracy": 0.42777777777777776, "class_2_accuracy": 1.0, "class_3_accuracy": 1.0, "epoch": 8, "loss": 3.2093509389596877e-06, "accuracy": 84.42857142857143, "epoch_duration": 129.21269822120667, "_wandb": {"runtime": 1095}}