{"class_0_accuracy": 0.5977653631284916, "_timestamp": 1718395410.3276153, "_runtime": 352.6558973789215, "_step": 9, "class_1_accuracy": 0.0, "class_2_accuracy": 0.0, "class_3_accuracy": 0.5284974093264249, "epoch": 2, "loss": 0.08369286954402924, "accuracy": 29.375, "epoch_duration": 168.90868735313416, "_wandb": {"runtime": 368}}