{"class_0_accuracy": 0.0896551724137931, "_timestamp": 1718382826.4864585, "_runtime": 2370.720675468445, "_step": 50, "class_1_accuracy": 0.4731182795698925, "class_2_accuracy": 0.6203208556149733, "class_3_accuracy": 0.4835164835164835, "epoch": 10, "loss": 7.35735602575005e-06, "accuracy": 42.8125, "epoch_duration": 168.92441272735596, "confusion_matrix_table": {"_type": "table-file", "sha256": "150764f51ff65e3933d3f062dae4c374e967e292c6887d4e7bd2025ef8c64327", "size": 531, "artifact_path": "wandb-client-artifact://r9ynza1e517kcm4wcjdg20ipsprjqnf27av2muq8juc4ugsseo0ux0e3ik97pr3hey1qu0qld17qvrffenaohme8gw5u7jyb17pubh67av3oup0j9qu9hzgrv4bog3lg/confusion_matrix_table.table.json", "_latest_artifact_path": "wandb-client-artifact://tb5rbng6moipcb45nnz0s4vxruv63peif4kzlk279gel6cqp0h8m3mgyhbc565ozq1ab72fofy29zzbrtle0p198vj1jqhw1omukpzt5fbgejrj8e4ox7c3kmetwmrut:latest/confusion_matrix_table.table.json", "path": "media/table/confusion_matrix_table_50_150764f51ff65e3933d3.table.json", "ncols": 3, "nrows": 16}}