{"epoch": 10, "loss": 0.13136655353009702, "accuracy": 84.6875, "epoch_duration": 302.3409962654114, "_timestamp": 1718116829.3006625, "_runtime": 3476.6686084270477, "_step": 10, "confusion_matrix_table": {"_type": "table-file", "sha256": "828357295147a7170227969d29f9b12ea2eb0c53e117aade00e278ebd2f5d7bd", "size": 522, "artifact_path": "wandb-client-artifact://fpyefqw8gzutztv0mb1feuhsrwgsnuigrdpuwd6vgihuu3sv0qdlq9iy9bt1s07b4v8qppb5d6v2oess1axd716oqnjzi979qdz4nzst8qd01j92slnn8xv6ayrhpemh/confusion_matrix_table.table.json", "_latest_artifact_path": "wandb-client-artifact://1rsco0mfi4u4pp9sdxjwf2v3jbnwed1y267ydro2bwmmivq6odh4dtgalxroe1wnd5b39eemownjreeqdn2siur1ih39tui2cwsi3q7olaom4d96mexj8tssucd99l6k:latest/confusion_matrix_table.table.json", "path": "media/table/confusion_matrix_table_10_828357295147a7170227.table.json", "ncols": 3, "nrows": 16}}