{"epoch": 10, "loss": 0.19675624147057533, "accuracy": 84.53125, "epoch_duration": 119.2445125579834, "_timestamp": 1718292851.4820342, "_runtime": 1552.4673702716827, "_step": 9, "_wandb": {"runtime": 1551}}