{"class_0_accuracy": 0.8607242339832869, "_timestamp": 1718401289.9968083, "_runtime": 3938.738290309906, "_step": 49, "class_1_accuracy": 0.8421052631578947, "class_2_accuracy": 0.8485714285714285, "class_3_accuracy": 0.9340974212034384, "epoch": 10, "loss": 0.00902520315721631, "accuracy": 86.796875, "epoch_duration": 331.4473469257355, "_wandb": {"runtime": 4683}}