{"epoch": 10, "loss": 0.045017833821475506, "accuracy": 83.28125, "epoch_duration": 316.79904317855835, "_timestamp": 1718296036.1688163, "_runtime": 3164.38046336174, "_step": 9, "_wandb": {"runtime": 3163}}