{"epoch": 5, "loss": 0.16419217064976693, "accuracy": 80.71428571428571, "epoch_duration": 82.45826840400696, "_timestamp": 1718040019.2206085, "_runtime": 517.1452395915985, "_step": 4, "_wandb": {"runtime": 563}}