{"class_0_accuracy": 0.13291139240506328, "_timestamp": 1718365741.8927724, "_runtime": 2367.875443458557, "_step": 50, "class_1_accuracy": 0.010050251256281407, "class_2_accuracy": 0.6815286624203821, "class_3_accuracy": 0.967741935483871, "epoch": 10, "loss": 0.028407299518585206, "accuracy": 43.75, "epoch_duration": 166.58259272575378, "confusion_matrix_table": {"_type": "table-file", "sha256": "4e7447d3dc5abeed83fb6644415087573f67209665eb14e70d0b75a374706398", "size": 526, "artifact_path": "wandb-client-artifact://28ori2tiq79un5z1bpkm566eyydpeb0cz7120dg0qnbvwsixc4m9qd54r1bvcglcg56qacg37sb077dwxszicrmaa4qsqwp8mmca7wvms4zlgtoxbbktpnz6bbe0braf/confusion_matrix_table.table.json", "_latest_artifact_path": "wandb-client-artifact://zizkrl49g97kjyycd171ewgsyxqzro66d0oxvsna2d67n1hh782q72sk31j8ctkfynxgxzpeevi87u5cuj3ipqc6de0lgkgt9m94l3pzrnkr7gnidbtxwojgcwiv02n8:latest/confusion_matrix_table.table.json", "path": "media/table/confusion_matrix_table_50_4e7447d3dc5abeed83fb.table.json", "ncols": 3, "nrows": 16}}