{"epoch": 10, "loss": 0.2974513560533524, "accuracy": 84.84375, "epoch_duration": 186.18733882904053, "_timestamp": 1718302356.239903, "_runtime": 2005.9156930446625, "_step": 9, "_wandb": {"runtime": 2004}}