{"epoch": 2, "loss": 0.15210999999999997, "accuracy": 35.84375, "epoch_duration": 1270.7715256214142, "recall": 0.3445703507747931, "_timestamp": 1718982152.6988144, "_runtime": 7291.951853275299, "_step": 1}