{"class_0_accuracy": 0.961038961038961, "_timestamp": 1718313119.345335, "_runtime": 1074.2593729496002, "_step": 39, "class_1_accuracy": 0.5523255813953488, "class_2_accuracy": 1.0, "class_3_accuracy": 1.0, "epoch": 8, "loss": 1.99491789487638e-06, "accuracy": 88.14285714285714, "epoch_duration": 146.35658740997314, "_wandb": {"runtime": 1073}}