{"epoch": 10, "loss": 0.13183999999999998, "accuracy": 52.625, "epoch_duration": 54.09021806716919, "recall": 0.42096835149351963, "_timestamp": 1718917485.7840505, "_runtime": 991.1529273986816, "_step": 12, "test_accuracy": 44.25, "test_recall": 0.42215344551089473, "loss_history": {"_type": "image-file", "sha256": "60fa281a88f534d2da3d54b5122947ca4629b0deea552ae3029b7172b88cdf5a", "size": 30557, "path": "media/images/loss_history_11_60fa281a88f534d2da3d.png", "format": "png", "width": 640, "height": 480}, "accuracy_history": {"_type": "image-file", "sha256": "c7f9dd095fb9697541a37741180a0822ddb83aeb0dd3c8b2c01f7ed2ed4b12b1", "size": 32205, "path": "media/images/accuracy_history_12_c7f9dd095fb9697541a3.png", "format": "png", "width": 640, "height": 480}}